{
  "meta": {
    "floor": "GF",
    "navmeshObject": "navmesh_nowalls triangulization",
    "poiPrefix": "POIMAT_",
    "maxSamplesPerShop": 200
  },
  "stats": {
    "exported": 76,
    "skipped_no_poi_material": 317,
    "failed_snap": 0
  },
  "pois": {
    "POIMAT_ALO yoga": {
      "floor": "GF",
      "x": -0.6124603748321533,
      "y": 0.23814499378204346,
      "z": -0.02711731754243374
    },
    "POIMAT_Amiri": {
      "floor": "GF",
      "x": 0.9185177683830261,
      "y": 2.5880277156829834,
      "z": -0.00452042929828167
    },
    "POIMAT_Audemars Piguet": {
      "floor": "GF",
      "x": -0.06143742799758911,
      "y": 1.357375979423523,
      "z": -0.018895793706178665
    },
    "POIMAT_Bacha Coffee": {
      "floor": "GF",
      "x": -0.21289798617362976,
      "y": -1.4270617961883545,
      "z": -0.021957628428936005
    },
    "POIMAT_Balenciaga": {
      "floor": "GF",
      "x": 0.4338471293449402,
      "y": -0.08582261204719543,
      "z": -0.012298964895308018
    },
    "POIMAT_Baume & Mercier": {
      "floor": "GF",
      "x": -0.04510915279388428,
      "y": -1.5965960025787354,
      "z": -0.01961938664317131
    },
    "POIMAT_Bottega Veneta": {
      "floor": "GF",
      "x": 0.1932850033044815,
      "y": -0.9393129944801331,
      "z": -0.01600639335811138
    },
    "POIMAT_Buccellati": {
      "floor": "GF",
      "x": -0.5417409539222717,
      "y": 1.1613812446594238,
      "z": -0.025809723883867264
    },
    "POIMAT_Bvlgari": {
      "floor": "GF",
      "x": 0.1862318515777588,
      "y": 2.210136651992798,
      "z": -0.015087227337062359
    },
    "POIMAT_Carolina Herrera": {
      "floor": "GF",
      "x": 0.7204747200012207,
      "y": -1.6966896057128906,
      "z": -0.0087324483320117
    },
    "POIMAT_Cartier": {
      "floor": "GF",
      "x": 0.4481825828552246,
      "y": 1.525702714920044,
      "z": -0.011572694405913353
    },
    "POIMAT_Celine": {
      "floor": "GF",
      "x": 1.0557570457458496,
      "y": 1.8407206535339355,
      "z": -0.002804988529533148
    },
    "POIMAT_Chanel": {
      "floor": "GF",
      "x": 1.196933388710022,
      "y": -0.7085948586463928,
      "z": -0.0016168835572898388
    },
    "POIMAT_Chanel Beauty": {
      "floor": "GF",
      "x": 0.15411663055419922,
      "y": -1.1201045513153076,
      "z": -0.016623588278889656
    },
    "POIMAT_Chaumet": {
      "floor": "GF",
      "x": 0.07736822962760925,
      "y": 1.5244654417037964,
      "z": -0.016861936077475548
    },
    "POIMAT_Chloe": {
      "floor": "GF",
      "x": 1.2005517482757568,
      "y": -1.369161605834961,
      "z": -0.0017791584832593799
    },
    "POIMAT_Chopard": {
      "floor": "GF",
      "x": -0.607300877571106,
      "y": 1.9868643283843994,
      "z": -0.026477500796318054
    },
    "POIMAT_Coach": {
      "floor": "GF",
      "x": -0.2436070442199707,
      "y": -0.4918294847011566,
      "z": -0.022092804312705994
    },
    "POIMAT_Cole Haan": {
      "floor": "GF",
      "x": -0.6101206541061401,
      "y": -0.0260656476020813,
      "z": -0.027169497683644295
    },
    "POIMAT_Damiani": {
      "floor": "GF",
      "x": 0.6039352416992188,
      "y": 2.5304641723632812,
      "z": -0.00902588851749897
    },
    "POIMAT_Dhamani 1969": {
      "floor": "GF",
      "x": 0.4901822507381439,
      "y": -1.6850577592849731,
      "z": -0.012013291008770466
    },
    "POIMAT_Dior Beauty": {
      "floor": "GF",
      "x": -0.04207327961921692,
      "y": -0.7819994688034058,
      "z": -0.01931232400238514
    },
    "POIMAT_DIOR fashion": {
      "floor": "GF",
      "x": -0.16257493197917938,
      "y": -0.05887868255376816,
      "z": -0.020796874538064003
    },
    "POIMAT_Dolce & Gabbana": {
      "floor": "GF",
      "x": 0.9460169672966003,
      "y": 1.3695075511932373,
      "z": -0.0045227669179439545
    },
    "POIMAT_Dropkick": {
      "floor": "GF",
      "x": -0.6062166094779968,
      "y": -0.46692413091659546,
      "z": -0.027256565168499947
    },
    "POIMAT_FENDI": {
      "floor": "GF",
      "x": 0.7885901927947998,
      "y": 0.06716059148311615,
      "z": -0.007189805153757334
    },
    "POIMAT_Fred": {
      "floor": "GF",
      "x": -0.5619246959686279,
      "y": 1.4377880096435547,
      "z": -0.02600809931755066
    },
    "POIMAT_Gina": {
      "floor": "GF",
      "x": -1.3174967765808105,
      "y": 1.0917136669158936,
      "z": -0.036896713078022
    },
    "POIMAT_Golden Goose": {
      "floor": "GF",
      "x": 0.4458625316619873,
      "y": -1.4737472534179688,
      "z": -0.012576989829540253
    },
    "POIMAT_Gucci": {
      "floor": "GF",
      "x": 0.7918219566345215,
      "y": 0.42176783084869385,
      "z": -0.00702889496460557
    },
    "POIMAT_Guerlain": {
      "floor": "GF",
      "x": -0.6547421813011169,
      "y": 0.7347200512886047,
      "z": -0.027559585869312286
    },
    "POIMAT_Hublot": {
      "floor": "GF",
      "x": -0.18201176822185516,
      "y": 1.7256537675857544,
      "z": -0.020496279001235962
    },
    "POIMAT_IWC Schaffhausen": {
      "floor": "GF",
      "x": -0.13738039135932922,
      "y": 1.265958547592163,
      "z": -0.020008552819490433
    },
    "POIMAT_Jaeger LeCoultre": {
      "floor": "GF",
      "x": -0.5154749751091003,
      "y": 1.2774385213851929,
      "z": -0.025397514924407005
    },
    "POIMAT_Jimmy Choo": {
      "floor": "GF",
      "x": 0.39024314284324646,
      "y": -1.2085613012313843,
      "z": -0.013284407556056976
    },
    "POIMAT_Joe & The Juice": {
      "floor": "GF",
      "x": -0.4438031017780304,
      "y": -1.2189260721206665,
      "z": -0.02518359012901783
    },
    "POIMAT_Jon & Vinny's Solitaire": {
      "floor": "GF",
      "x": -0.6050742268562317,
      "y": -0.5959237217903137,
      "z": -0.02728204056620598
    },
    "POIMAT_Laduree": {
      "floor": "GF",
      "x": 0.9908243417739868,
      "y": 1.5559170246124268,
      "z": -0.003823329461738467
    },
    "POIMAT_Liza": {
      "floor": "GF",
      "x": -1.176523208618164,
      "y": -1.1037155389785767,
      "z": -0.035596903413534164
    },
    "POIMAT_Loewe": {
      "floor": "GF",
      "x": 0.7385514974594116,
      "y": -0.26914656162261963,
      "z": -0.008012386970221996
    },
    "POIMAT_Loro Piana": {
      "floor": "GF",
      "x": 0.8810083270072937,
      "y": 1.099055528640747,
      "z": -0.005537544377148151
    },
    "POIMAT_Louis Vuitton": {
      "floor": "GF",
      "x": -0.014398366212844849,
      "y": 0.9242857694625854,
      "z": -0.018365122377872467
    },
    "POIMAT_Louis Vuitton Jewelry": {
      "floor": "GF",
      "x": 0.586395263671875,
      "y": 0.8395381569862366,
      "z": -0.009823571890592575
    },
    "POIMAT_Marli New York": {
      "floor": "GF",
      "x": -0.16235294938087463,
      "y": -0.08516015112400055,
      "z": -0.020802218466997147
    },
    "POIMAT_Marli New York.002": {
      "floor": "GF",
      "x": -0.08997583389282227,
      "y": -0.08629315346479416,
      "z": -0.019770286977291107
    },
    "POIMAT_Miu Miu": {
      "floor": "GF",
      "x": 1.1969467401504517,
      "y": -1.1901308298110962,
      "z": -0.0017726076766848564
    },
    "POIMAT_Montblanc": {
      "floor": "GF",
      "x": -0.09399126470088959,
      "y": 0.9665746688842773,
      "z": -0.019486645236611366
    },
    "POIMAT_Nicoli": {
      "floor": "GF",
      "x": -0.6114181876182556,
      "y": 0.12045890092849731,
      "z": -0.027140559628605843
    },
    "POIMAT_Nike": {
      "floor": "GF",
      "x": -0.6085531711578369,
      "y": -0.20307061076164246,
      "z": -0.02720445580780506
    },
    "POIMAT_Opening Soon": {
      "floor": "GF",
      "x": -1.1505446434020996,
      "y": -1.2111884355545044,
      "z": -0.03526117652654648
    },
    "POIMAT_Panerai": {
      "floor": "GF",
      "x": -0.7673727869987488,
      "y": 1.0060876607894897,
      "z": -0.029078146442770958
    },